sensor-id,humidity
s9618,0
s9619,39
s9620,80
s9621,72
s9622,23
s9623,20
s9624,95
s9625,93
s9626,53
s9627,78
s9628,76
s9629,87
s9630,83
s9631,79
s9632,30
s9633,74
s9634,94
s9635,4
s9636,78
s9637,28
s9638,71
s9639,73
s9640,3
s9641,53
s9642,91
s9643,29
s9644,14
s9645,88
s9646,99
s9647,7
s9648,65
s9649,18
s9650,30
s9651,1
s9652,30
s9653,33
s9654,6
s9655,8
s9656,61
s9657,30
s9658,12
s9659,76
s9660,17
s9661,15
s9662,47
s9663,50
s9664,25
s9665,44
s9666,49
s9667,75
s9668,3
s9669,85
s9670,75
s9671,53
s9672,4
s9673,13
s9674,13
s9675,21
s9676,35
s9677,15
s9678,80
s9679,41
s9680,17
s9681,57
s9682,86
s9683,50
s9684,52
s9685,11
s9686,47
s9687,62
s9688,55
s9689,66
s9690,76
s9691,2
s9692,2
s9693,68
s9694,17
s9695,3
s9696,73
s9697,10
s9698,40
s9699,53
s9700,
s9701,15
s9702,21
s9703,52
s9704,65
s9705,55
s9706,6
s9707,69
s9708,85
s9709,18
s9710,39
s9711,22
s9712,66
s9713,89
s9714,51
s9715,13
s9716,17
s9717,70
s9718,22
s9719,67
s9720,78
s9721,77
s9722,89
s9723,26
s9724,39
s9725,20
s9726,96
s9727,59
s9728,26
s9729,88
s9730,64
s9731,29
s9732,23
s9733,9
s9734,59
s9735,14
s9736,69
s9737,97
s9738,88
s9739,42
s9740,95
s9741,25
s9742,76
s9743,6
s9744,79
s9745,8
s9746,58
s9747,26
s9748,3
s9749,44
s9750,36
s9751,78
s9752,28
s9753,68
s9754,66
s9755,24
s9756,64
s9757,92
s9758,68
s9759,86
s9760,63
s9761,9
s9762,8
s9763,28
s9764,67
s9765,64
s9766,54
s9767,40
s9768,89
s9769,50
s9770,74
s9771,50
s9772,12
s9773,74
s9774,64
s9775,56
s9776,77
s9777,23
s9778,45
s9779,59
s9780,53
s9781,22
s9782,33
s9783,41
s9784,69
s9785,73
s9786,46
s9787,84
s9788,6
s9789,13
s9790,90
s9791,81
s9792,8
s9793,96
s9794,6
s9795,41
s9796,45
s9797,9
s9798,92
s9799,7
s9800,
s9801,59
s9802,28
s9803,88
s9804,72
s9805,9
s9806,68
s9807,91
s9808,70
s9809,24
s9810,2
s9811,50
s9812,59
s9813,72
s9814,1
s9815,22
s9816,18
s9817,95
s9818,77
s9819,9
s9820,48
s9821,84
s9822,0
s9823,16
s9824,96
s9825,90
s9826,61
s9827,52
s9828,33
s9829,52
s9830,33
s9831,19
s9832,12
s9833,76
s9834,67
s9835,29
s9836,39
s9837,99
s9838,29
s9839,89
s9840,42
s9841,42
s9842,29
s9843,85
s9844,63
s9845,64
s9846,14
s9847,78
s9848,31
s9849,71
s9850,59
s9851,92
s9852,85
s9853,35
s9854,95
s9855,23
s9856,50
s9857,71
s9858,51
s9859,39
s9860,47
s9861,45
s9862,87
s9863,8
s9864,5
s9865,2
s9866,35
s9867,54
s9868,20
s9869,20
s9870,3
s9871,21
s9872,98
s9873,63
s9874,66
s9875,71
s9876,15
s9877,92
s9878,75
s9879,27
s9880,80
s9881,17
s9882,12
s9883,89
s9884,97
s9885,93
s9886,62
s9887,54
s9888,91
s9889,30
s9890,3
s9891,77
s9892,50
s9893,44
s9894,12
s9895,35
s9896,17
s9897,14
s9898,72
s9899,6
s9900,
s9901,63
s9902,43
s9903,26
s9904,6
s9905,21
s9906,33
s9907,94
s9908,39
s9909,16
s9910,97
s9911,20
s9912,14
s9913,37
s9914,16
s9915,2
s9916,42
s9917,18
s9918,67
s9919,33
s9920,63
s9921,70
s9922,27
s9923,98
s9924,99
s9925,35
s9926,34
s9927,74
s9928,55
s9929,71
s9930,16
s9931,6
s9932,60
s9933,93
s9934,12
s9935,51
s9936,41
s9937,84
s9938,47
s9939,90
s9940,78
s9941,20
s9942,35
s9943,56
s9944,1
s9945,55
s9946,18
s9947,76
s9948,60
s9949,28
s9950,60
s9951,41
s9952,63
s9953,12
s9954,95
s9955,73
s9956,97
s9957,56
s9958,34
s9959,19
s9960,43
s9961,19
s9962,13
s9963,42
s9964,58
s9965,26
s9966,26
s9967,56
s9968,79
s9969,83
s9970,69
s9971,40
s9972,92
s9973,89
s9974,69
s9975,48
s9976,5
s9977,56
s9978,86
s9979,62
s9980,44
s9981,93
s9982,76
s9983,28
s9984,70
s9985,44
s9986,14
s9987,22
s9988,84
s9989,7
s9990,23
s9991,94
s9992,23
s9993,61
s9994,79
s9995,78
s9996,1
s9997,49
s9998,55
s9999,6
s10000,
s10001,94
s10002,30
s10003,97
s10004,62
s10005,63
s10006,82
s10007,64
s10008,57
s10009,83
s10010,65
s10011,51
s10012,72
s10013,55
s10014,43
s10015,46
s10016,46
s10017,75
s10018,91
s10019,77
s10020,46
s10021,37
s10022,64
s10023,30
s10024,38
s10025,35
s10026,12
s10027,11
s10028,95
s10029,67
s10030,23
s10031,61
s10032,43
s10033,53
s10034,39
s10035,30
s10036,62
s10037,76
s10038,83
s10039,71
s10040,11
s10041,56
s10042,72
s10043,47
s10044,15
s10045,90
s10046,19
s10047,16
s10048,36
s10049,69
s10050,37
s10051,79
s10052,95
s10053,8
s10054,76
s10055,55
s10056,42
s10057,75
s10058,84
s10059,12
s10060,75
s10061,59
s10062,84
s10063,38
s10064,73
s10065,99
s10066,73
s10067,23
s10068,98
s10069,50
s10070,98
s10071,33
s10072,58
s10073,99
s10074,24
s10075,74
s10076,27
s10077,47
s10078,85
s10079,74
s10080,97
s10081,39
s10082,39
s10083,49
s10084,1
s10085,77
s10086,75
s10087,54
s10088,7
s10089,57
s10090,8
s10091,16
s10092,58
s10093,60
s10094,8
s10095,9
s10096,31
s10097,46
s10098,94
s10099,7
s10100,
s10101,84
s10102,16
s10103,90
s10104,6
s10105,6
s10106,84
s10107,35
s10108,18
s10109,93
s10110,1
s10111,58
s10112,93
s10113,53
s10114,11
s10115,76
s10116,14
s10117,1
s10118,13
s10119,49
s10120,46
s10121,13
s10122,94
s10123,31
s10124,58
s10125,64
s10126,96
s10127,79
s10128,90
s10129,33
s10130,36
s10131,20
s10132,17
s10133,41
s10134,62
s10135,34
s10136,42
s10137,70
s10138,36
s10139,98
s10140,17
s10141,75
s10142,79
s10143,93
s10144,95
s10145,0
s10146,92
s10147,83
s10148,68
s10149,52
s10150,74
s10151,26
s10152,40
s10153,21
s10154,27
s10155,18
s10156,46
s10157,25
s10158,13
s10159,57
s10160,90
s10161,24
s10162,74
s10163,86
s10164,61
s10165,0
s10166,48
s10167,62
s10168,94
s10169,60
s10170,80
s10171,36
s10172,93
s10173,93
s10174,68
s10175,64
s10176,55
s10177,78
s10178,44
s10179,77
s10180,41
s10181,57
s10182,44
s10183,53
s10184,0
s10185,69
s10186,99
s10187,24
s10188,77
s10189,26
s10190,49
s10191,97
s10192,12
s10193,44
s10194,71
s10195,81
s10196,74
s10197,22
s10198,36
s10199,27
s10200,
s10201,79
s10202,10
s10203,20
s10204,11
s10205,24
s10206,79
s10207,65
s10208,65
s10209,14
s10210,90
s10211,77
s10212,96
s10213,91
s10214,70
s10215,61
s10216,97
s10217,55
s10218,86
s10219,89
s10220,19
s10221,27
s10222,46
s10223,31
s10224,58
s10225,99
s10226,43
s10227,88
s10228,56
s10229,89
s10230,83
s10231,10
s10232,71
s10233,41
s10234,26
s10235,60
s10236,36
s10237,66
s10238,5
s10239,83
s10240,47
s10241,54
s10242,87
s10243,48
s10244,98
s10245,14
s10246,86
s10247,89
s10248,63
s10249,74
s10250,91
s10251,5
s10252,4
s10253,81
s10254,96
s10255,41
s10256,36
s10257,16
s10258,47
s10259,48
s10260,30
s10261,68
s10262,89
s10263,25
s10264,60
s10265,41
s10266,14
s10267,54
s10268,99
s10269,36
s10270,51
s10271,70
s10272,25
s10273,93
s10274,85
s10275,81
s10276,14
s10277,57
s10278,56
s10279,25
s10280,61
s10281,40
s10282,89
s10283,38
s10284,14
s10285,23
s10286,34
s10287,4
s10288,26
s10289,39
s10290,63
s10291,61
s10292,9
s10293,3
s10294,31
s10295,90
s10296,89
s10297,99
s10298,62
s10299,81
s10300,
s10301,79
s10302,88
s10303,76
s10304,10
s10305,51
s10306,79
s10307,63
s10308,3
s10309,80
s10310,49
s10311,13
s10312,41
s10313,88
s10314,11
s10315,30
s10316,27
s10317,38
s10318,94
s10319,57
s10320,39
s10321,29
s10322,53
s10323,18
s10324,26
s10325,15
s10326,53
s10327,12
s10328,42
s10329,55
s10330,46
s10331,56
s10332,42
s10333,82
s10334,76
s10335,32
s10336,96
s10337,52
s10338,21
s10339,94
s10340,58
s10341,61
s10342,17
s10343,82
s10344,86
s10345,0
s10346,33
s10347,78
s10348,51
s10349,41
s10350,68
s10351,53
s10352,12
s10353,84
s10354,77
s10355,63
s10356,44
s10357,62
s10358,12
s10359,48
s10360,76
s10361,82
s10362,96
s10363,47
s10364,79
s10365,60
s10366,9
s10367,33
s10368,23
s10369,12
s10370,15
s10371,29
s10372,96
s10373,13
s10374,91
s10375,89
s10376,51
s10377,1
s10378,51
s10379,30
s10380,16
s10381,96
s10382,93
s10383,69
s10384,85
s10385,94
s10386,34
s10387,96
s10388,16
s10389,42
s10390,19
s10391,33
s10392,82
s10393,74
s10394,86
s10395,5
s10396,40
s10397,27
s10398,10
s10399,37
s10400,
s10401,19
s10402,33
s10403,46
s10404,71
s10405,27
s10406,58
s10407,83
s10408,9
s10409,18
s10410,63
s10411,5
s10412,97
s10413,49
s10414,70
s10415,3
s10416,22
s10417,37
s10418,61
s10419,2
s10420,88
s10421,12
s10422,45
s10423,50
s10424,53
s10425,62
s10426,34
s10427,95
s10428,56
s10429,42
s10430,4
s10431,37
s10432,4
s10433,14
s10434,73
s10435,83
s10436,1
s10437,32
s10438,56
s10439,15
s10440,68
s10441,97
s10442,39
s10443,44
s10444,18
s10445,93
s10446,17
s10447,66
s10448,45
s10449,46
s10450,37
s10451,66
s10452,90
s10453,66
s10454,38
s10455,93
s10456,50
s10457,61
s10458,5
s10459,63
s10460,99
s10461,14
s10462,75
s10463,48
s10464,31
s10465,17
s10466,20
s10467,27
s10468,96
s10469,82
s10470,23
s10471,91
s10472,86
s10473,41
s10474,16
s10475,62
s10476,35
s10477,29
s10478,42
s10479,67
s10480,55
s10481,34
s10482,58
s10483,60
s10484,9
s10485,97
s10486,15
s10487,40
s10488,23
s10489,91
s10490,1
s10491,8
s10492,45
s10493,14
s10494,55
s10495,71
s10496,49
s10497,23
s10498,78
s10499,83
s10500,
s10501,85
s10502,97
s10503,55
s10504,40
s10505,62
s10506,81
s10507,33
s10508,81
s10509,94
s10510,36
s10511,72
s10512,65
s10513,43
s10514,84
s10515,21
s10516,99
s10517,80
s10518,30
s10519,14
s10520,61
s10521,85
s10522,7
s10523,97
s10524,29
s10525,80
s10526,67
s10527,49
s10528,21
s10529,98
s10530,14
s10531,15
s10532,83
s10533,55
s10534,80
s10535,37
s10536,57
s10537,24
s10538,90
s10539,60
s10540,46
s10541,27
s10542,66
s10543,40
s10544,54
s10545,55
s10546,16
s10547,25
s10548,65
s10549,44
s10550,18
s10551,75
s10552,72
s10553,10
s10554,89
s10555,89
s10556,81
s10557,19
s10558,17
s10559,46
s10560,51
s10561,71
s10562,47
s10563,0
s10564,56
s10565,42
s10566,89
s10567,17
s10568,79
s10569,48
s10570,55
s10571,61
s10572,4
s10573,89
s10574,26
s10575,16
s10576,14
s10577,32
s10578,26
s10579,86
s10580,49
s10581,68
s10582,66
s10583,50
s10584,77
s10585,99
s10586,90
s10587,42
s10588,78
s10589,84
s10590,50
s10591,98
s10592,90
s10593,5
s10594,58
s10595,48
s10596,20
s10597,67
s10598,62
s10599,66
s10600,
s10601,25
s10602,52
s10603,74
s10604,15
s10605,58
s10606,83
s10607,76
s10608,1
s10609,70
s10610,0
s10611,10
s10612,93
s10613,94
s10614,35
s10615,40
s10616,50
s10617,43
s10618,59
s10619,2
s10620,23
s10621,20
s10622,88
s10623,67
s10624,19
s10625,89
s10626,38
s10627,30
s10628,82
s10629,43
s10630,33
s10631,89
s10632,22
s10633,46
s10634,34
s10635,21
s10636,69
s10637,37
s10638,36
s10639,85
s10640,42
s10641,81
s10642,91
s10643,15
s10644,56
s10645,77
s10646,66
s10647,66
s10648,26
s10649,71
s10650,24
s10651,77
s10652,66
s10653,56
s10654,58
s10655,60
s10656,57
s10657,86
s10658,56
s10659,49
s10660,23
s10661,91
s10662,98
s10663,15
s10664,80
s10665,5
s10666,30
s10667,36
s10668,18
s10669,60
s10670,27
s10671,8
s10672,16
s10673,52
s10674,94
s10675,82
s10676,68
s10677,58
s10678,73
s10679,19
s10680,72
s10681,86
s10682,88
s10683,38
s10684,6
s10685,16
s10686,36
s10687,15
s10688,74
s10689,15
s10690,48
s10691,65
s10692,55
s10693,78
s10694,43
s10695,86
s10696,66
s10697,70
s10698,84
s10699,85
s10700,
s10701,55
s10702,5
s10703,77
s10704,48
s10705,41
s10706,18
s10707,59
s10708,19
s10709,56
s10710,61
s10711,27
s10712,85
s10713,27
s10714,18
s10715,42
s10716,78
s10717,76
s10718,38
s10719,99
s10720,84
s10721,57
s10722,55
s10723,45
s10724,16
s10725,40
s10726,2
s10727,91
s10728,24
s10729,51
s10730,78
s10731,81
s10732,14
s10733,71
s10734,71
s10735,82
s10736,82
s10737,2
s10738,60
s10739,68
s10740,1
s10741,45
s10742,14
s10743,65
s10744,68
s10745,7
s10746,99
s10747,79
s10748,73
s10749,64
s10750,28
s10751,50
s10752,97
s10753,37
s10754,67
s10755,31
s10756,14
s10757,81
s10758,5
s10759,27
s10760,20
s10761,99
s10762,53
s10763,79
s10764,72
s10765,13
s10766,61
s10767,46
s10768,4
s10769,81
s10770,9
s10771,63
s10772,84
s10773,46
s10774,44
s10775,48
s10776,86
s10777,61
s10778,18
s10779,92
s10780,48
s10781,84
s10782,56
s10783,25
s10784,66
s10785,59
s10786,23
s10787,40
s10788,53
s10789,87
s10790,94
s10791,5
s10792,56
s10793,57
s10794,24
s10795,50
s10796,88
s10797,63
s10798,3
s10799,70
s10800,
s10801,10
s10802,44
s10803,61
s10804,30
s10805,72
s10806,5
s10807,67
s10808,7
s10809,1
s10810,91
s10811,97
s10812,21
s10813,35
s10814,76
s10815,95
s10816,21
s10817,46
s10818,64
s10819,45
s10820,38
s10821,35
s10822,9
s10823,47
s10824,50
s10825,13
s10826,76
s10827,42
s10828,76
s10829,2
s10830,89
s10831,67
s10832,9
s10833,42
s10834,6
s10835,31
s10836,84
s10837,54
s10838,30
s10839,21
s10840,77
s10841,58
s10842,25
s10843,87
s10844,42
s10845,11
s10846,23
s10847,14
s10848,18
s10849,39
s10850,65
s10851,98
s10852,66
s10853,83
s10854,67
s10855,30
s10856,52
s10857,27
s10858,33
s10859,87
s10860,74
s10861,5
s10862,55
s10863,25
s10864,74
s10865,27
s10866,37
s10867,58
s10868,17
s10869,31
s10870,56
s10871,65
s10872,67
s10873,24
s10874,9
s10875,3
s10876,86
s10877,76
s10878,54
s10879,66
s10880,17
s10881,35
s10882,90
s10883,32
s10884,36
s10885,36
s10886,39
s10887,95
s10888,63
s10889,51
s10890,62
s10891,90
s10892,0
s10893,15
s10894,24
s10895,42
s10896,1
s10897,46
s10898,74
s10899,88
s10900,
s10901,98
s10902,70
s10903,20
s10904,30
s10905,84
s10906,79
s10907,90
s10908,68
s10909,74
s10910,55
s10911,73
s10912,24
s10913,17
s10914,78
s10915,19
s10916,0
s10917,7
s10918,92
s10919,16
s10920,40
s10921,27
s10922,31
s10923,50
s10924,13
s10925,11
s10926,39
s10927,87
s10928,30
s10929,5
s10930,98
s10931,56
s10932,78
s10933,79
s10934,4
s10935,20
s10936,56
s10937,0
s10938,2
s10939,36
s10940,65
s10941,78
s10942,4
s10943,70
s10944,1
s10945,66
s10946,93
s10947,54
s10948,47
s10949,11
s10950,7
s10951,32
s10952,41
s10953,59
s10954,56
s10955,31
s10956,81
s10957,54
s10958,1
s10959,94
s10960,99
s10961,70
s10962,86
s10963,20
s10964,68
s10965,97
s10966,61
s10967,61
s10968,19
s10969,69
s10970,18
s10971,39
s10972,83
s10973,89
s10974,42
s10975,11
s10976,30
s10977,79
s10978,71
s10979,26
s10980,78
s10981,18
s10982,83
s10983,38
s10984,16
s10985,83
s10986,98
s10987,85
s10988,71
s10989,93
s10990,17
s10991,58
s10992,73
s10993,10
s10994,80
s10995,64
s10996,80
s10997,8
s10998,77
s10999,51
s11000,
s11001,56
s11002,4
s11003,94
s11004,3
s11005,94
s11006,63
s11007,26
s11008,30
s11009,0
s11010,66
s11011,2
s11012,17
s11013,69
s11014,68
s11015,50
s11016,41
s11017,7
s11018,40
s11019,53
s11020,47
s11021,40
s11022,89
s11023,83
s11024,25
s11025,90
s11026,16
s11027,64
s11028,20
s11029,47
s11030,42
s11031,13
s11032,56
s11033,28
s11034,15
s11035,95
s11036,21
s11037,38
s11038,85
s11039,82
s11040,50
s11041,56
s11042,83
s11043,79
s11044,68
s11045,2
s11046,61
s11047,0
s11048,31
s11049,34
s11050,83
s11051,63
s11052,93
s11053,64
s11054,78
s11055,28
s11056,70
s11057,25
s11058,4
s11059,35
s11060,99
s11061,7
s11062,69
s11063,84
s11064,50
s11065,34
s11066,4
s11067,58
s11068,79
s11069,42
s11070,3
s11071,68
s11072,56
s11073,60
s11074,26
s11075,31
s11076,94
s11077,33
s11078,14
s11079,86
s11080,1
s11081,70
s11082,76
s11083,51
s11084,35
s11085,52
s11086,13
s11087,1
s11088,66
s11089,25
s11090,98
s11091,39
s11092,21
s11093,49
s11094,57
s11095,7
s11096,20
s11097,36
s11098,0
s11099,3
s11100,
s11101,56
s11102,14
s11103,42
s11104,99
s11105,34
s11106,91
s11107,72
s11108,23
s11109,30
s11110,94
s11111,82
s11112,61
s11113,69
s11114,63
s11115,44
s11116,86
s11117,98
s11118,60
s11119,10
s11120,95
s11121,67
s11122,68
s11123,65
s11124,99
s11125,38
s11126,82
s11127,11
s11128,24
s11129,74
s11130,80
s11131,58
s11132,7
s11133,69
s11134,42
s11135,93
s11136,81
s11137,21
s11138,34
s11139,4
s11140,86
s11141,94
s11142,35
s11143,38
s11144,62
s11145,59
s11146,44
s11147,78
s11148,28
s11149,89
s11150,4
s11151,32
s11152,77
s11153,2
s11154,68
s11155,54
s11156,93
s11157,41
s11158,28
s11159,62
s11160,69
s11161,88
s11162,60
s11163,42
s11164,96
s11165,62
s11166,79
s11167,56
s11168,96
s11169,29
s11170,90
s11171,8
s11172,44
s11173,66
s11174,80
s11175,97
s11176,65
s11177,43
s11178,58
s11179,6
s11180,35
s11181,32
s11182,76
s11183,83
s11184,18
s11185,30
s11186,1
s11187,20
s11188,36
s11189,23
s11190,25
s11191,84
s11192,18
s11193,94
s11194,97
s11195,16
s11196,67
s11197,83
s11198,40
s11199,0
s11200,
s11201,28
s11202,59
s11203,42
s11204,92
s11205,50
s11206,75
s11207,87
s11208,12
s11209,15
s11210,3
s11211,23
s11212,37
s11213,92
s11214,66
s11215,63
s11216,17
s11217,8
s11218,39
s11219,72
s11220,72
s11221,36
s11222,73
s11223,92
s11224,66
s11225,98
s11226,3
s11227,26
s11228,5
s11229,88
s11230,72
s11231,1
s11232,84
s11233,8
s11234,61
s11235,52
s11236,80
s11237,89
s11238,97
s11239,53
s11240,61
s11241,82
s11242,18
s11243,90
s11244,25
s11245,83
s11246,2
s11247,19
s11248,58
s11249,17
s11250,41
s11251,91
s11252,10
s11253,65
s11254,88
s11255,98
s11256,62
s11257,69
s11258,63
s11259,50
s11260,69
s11261,80
s11262,41
s11263,12
s11264,96
s11265,8
s11266,64
s11267,53
s11268,53
s11269,99
s11270,67
s11271,76
s11272,30
s11273,79
s11274,82
s11275,84
s11276,42
s11277,65
s11278,2
s11279,86
s11280,42
s11281,35
s11282,85
s11283,63
s11284,9
s11285,51
s11286,69
s11287,44
s11288,59
s11289,14
s11290,7
s11291,80
s11292,43
s11293,37
s11294,7
s11295,82
s11296,16
s11297,52
s11298,1
s11299,41
s11300,
s11301,97
s11302,26
s11303,12
s11304,66
s11305,66
s11306,93
s11307,22
s11308,18
s11309,52
s11310,48
s11311,45
s11312,41
s11313,57
s11314,59
s11315,71
s11316,75
s11317,25
s11318,1
s11319,22
s11320,62
s11321,41
s11322,42
s11323,25
s11324,54
s11325,83
s11326,1
s11327,89
s11328,63
s11329,68
s11330,63
s11331,4
s11332,10
s11333,20
s11334,33
s11335,61
s11336,11
s11337,25
s11338,85
s11339,60
s11340,48
s11341,16
s11342,57
s11343,62
s11344,48
s11345,21
s11346,62
s11347,87
s11348,24
s11349,49
s11350,78
s11351,48
s11352,37
s11353,97
s11354,25
s11355,59
s11356,87
s11357,97
s11358,30
s11359,88
s11360,81
s11361,15
s11362,2
s11363,13
s11364,78
s11365,44
s11366,48
s11367,41
s11368,85
s11369,13
s11370,93
s11371,31
s11372,92
s11373,83
s11374,24
s11375,91
s11376,99
s11377,67
s11378,70
s11379,34
s11380,15
s11381,53
s11382,61
s11383,47
s11384,18
s11385,40
s11386,25
s11387,50
s11388,13
s11389,65
s11390,8
s11391,95
s11392,34
s11393,29
s11394,50
s11395,28
s11396,59
s11397,67
s11398,93
s11399,21
s11400,
s11401,66
s11402,91
s11403,34
s11404,9
s11405,26
s11406,98
s11407,97
s11408,75
s11409,83
s11410,80
s11411,94
s11412,83
s11413,28
s11414,45
s11415,61
s11416,8
s11417,83
s11418,27
s11419,1
s11420,50
s11421,91
s11422,60
s11423,88
s11424,9
s11425,27
s11426,42
s11427,43
s11428,38
s11429,5
s11430,65
s11431,65
s11432,0
s11433,73
s11434,97
s11435,74
s11436,92
s11437,23
s11438,22
s11439,96
s11440,97
s11441,88
s11442,27
s11443,98
s11444,51
s11445,14
s11446,72
s11447,26
s11448,73
s11449,82
s11450,77
s11451,85
s11452,2
s11453,60
s11454,9
s11455,64
s11456,1
s11457,66
s11458,4
s11459,46
s11460,44
s11461,2
s11462,7
s11463,5
s11464,79
s11465,73
s11466,30
s11467,87
s11468,7
s11469,1
s11470,20
s11471,51
s11472,65
s11473,95
s11474,52
s11475,40
s11476,37
s11477,46
s11478,76
s11479,50
s11480,63
s11481,93
s11482,78
s11483,79
s11484,97
s11485,27
s11486,64
s11487,2
s11488,25
s11489,91
s11490,76
s11491,8
s11492,79
s11493,65
s11494,41
s11495,51
s11496,15
s11497,16
s11498,70
s11499,36
s11500,
s11501,7
s11502,71
s11503,17
s11504,24
s11505,78
s11506,70
s11507,53
s11508,51
s11509,89
s11510,63
s11511,53
s11512,62
s11513,89
s11514,37
s11515,24
s11516,28
s11517,84
s11518,65
s11519,33
s11520,87
s11521,65
s11522,52
s11523,11
s11524,21
s11525,5
s11526,53
s11527,15
s11528,90
s11529,47
s11530,13
s11531,51
s11532,69
s11533,64
s11534,85
s11535,87
s11536,31
s11537,77
s11538,71
s11539,99
s11540,28
s11541,23
s11542,6
s11543,67
s11544,85
s11545,36
s11546,84
s11547,13
s11548,12
s11549,0
s11550,53
s11551,3
s11552,65
s11553,13
s11554,4
s11555,63
s11556,43
s11557,39
s11558,41
s11559,17
s11560,57
s11561,98
s11562,49
s11563,15
s11564,54
s11565,27
s11566,39
s11567,6
s11568,2
s11569,44
s11570,40
s11571,69
s11572,48
s11573,98
s11574,29
s11575,22
s11576,21
s11577,94
s11578,18
s11579,95
s11580,2
s11581,10
s11582,87
s11583,66
s11584,2
s11585,74
s11586,67
s11587,46
s11588,3
s11589,20
s11590,58
s11591,0
s11592,64
s11593,65
s11594,24
s11595,7
s11596,47
s11597,63
s11598,78
s11599,69
s11600,
s11601,45
s11602,84
s11603,49
s11604,87
s11605,70
s11606,28
s11607,75
s11608,86
s11609,29
s11610,99
s11611,32
s11612,6
s11613,17
s11614,79
s11615,55
s11616,78
s11617,58
s11618,96
s11619,18
s11620,69
s11621,88
s11622,71
s11623,82
s11624,2
s11625,52
s11626,89
s11627,29
s11628,67
s11629,90
s11630,36
s11631,88
s11632,65
s11633,51
s11634,31
s11635,13
s11636,16
s11637,97
s11638,6
s11639,75
s11640,1
s11641,83
s11642,52
s11643,81
s11644,91
s11645,3
s11646,93
s11647,76
s11648,11
s11649,47
s11650,9
s11651,26
s11652,68
s11653,33
s11654,97
s11655,95
s11656,83
s11657,19
s11658,51
s11659,79
s11660,7
s11661,11
s11662,12
s11663,73
s11664,29
s11665,99
s11666,55
s11667,36
s11668,98
s11669,8
s11670,57
s11671,70
s11672,72
s11673,37
s11674,69
s11675,5
s11676,12
s11677,88
s11678,69
s11679,46
s11680,79
s11681,61
s11682,47
s11683,32
s11684,98
s11685,3
s11686,87
s11687,38
s11688,6
s11689,61
s11690,61
s11691,92
s11692,43
s11693,79
s11694,4
s11695,41
s11696,92
s11697,29
s11698,58
s11699,31
s11700,
s11701,44
s11702,25
s11703,42
s11704,26
s11705,39
s11706,98
s11707,94
s11708,3
s11709,1
s11710,91
s11711,29
s11712,62
s11713,66
s11714,37
s11715,80
s11716,37
s11717,68
s11718,77
s11719,95
s11720,17
s11721,3
s11722,9
s11723,90
s11724,10
s11725,17
s11726,10
s11727,47
s11728,9
s11729,4
s11730,10
s11731,88
s11732,90
s11733,26
s11734,89
s11735,0
s11736,80
s11737,31
s11738,70
s11739,14
s11740,63
s11741,33
s11742,72
s11743,5
s11744,96
s11745,39
s11746,83
s11747,3
s11748,40
s11749,5
s11750,52
s11751,87
s11752,10
s11753,52
s11754,93
s11755,28
s11756,79
s11757,88
s11758,52
s11759,54
s11760,18
s11761,48
s11762,61
s11763,86
s11764,2
s11765,45
s11766,86
s11767,58
s11768,21
s11769,5
s11770,24
s11771,16
s11772,88
s11773,71
s11774,5
s11775,38
s11776,19
s11777,5
s11778,45
s11779,8
s11780,80
s11781,44
s11782,58
s11783,3
s11784,80
s11785,56
s11786,38
s11787,30
s11788,73
s11789,8
s11790,2
s11791,79
s11792,87
s11793,1
s11794,1
s11795,99
s11796,57
s11797,17
s11798,5
s11799,54
s11800,
s11801,11
s11802,91
s11803,3
s11804,86
s11805,68
s11806,59
s11807,35
s11808,61
s11809,94
s11810,42
s11811,24
s11812,26
s11813,60
s11814,77
s11815,36
s11816,14
s11817,7
s11818,55
s11819,17
s11820,9
s11821,6
s11822,71
s11823,24
s11824,33
s11825,18
s11826,97
s11827,40
s11828,99
s11829,44
s11830,13
s11831,83
s11832,8
s11833,36
s11834,11
s11835,12
s11836,87
s11837,79
s11838,29
s11839,9
s11840,6
s11841,42
s11842,2
s11843,26
s11844,39
s11845,33
s11846,27
s11847,47
s11848,3
s11849,90
s11850,6
s11851,52
s11852,70
s11853,68
s11854,2
s11855,49
s11856,33
s11857,47
s11858,52
s11859,14
s11860,88
s11861,97
s11862,82
s11863,23
s11864,76
s11865,46
s11866,48
s11867,33
s11868,13
s11869,0
s11870,2
s11871,51
s11872,24
s11873,83
s11874,29
s11875,98
s11876,78
s11877,78
s11878,69
s11879,94
s11880,59
s11881,85
s11882,2
s11883,17
s11884,31
s11885,64
s11886,12
s11887,90
s11888,38
s11889,71
s11890,24
s11891,2
s11892,2
s11893,57
s11894,5
s11895,87
s11896,50
s11897,21
s11898,4
s11899,74
s11900,
s11901,72
s11902,28
s11903,64
s11904,35
s11905,13
s11906,14
s11907,80
s11908,1
s11909,64
s11910,63
s11911,48
s11912,52
s11913,0
s11914,79
s11915,81
s11916,26
s11917,43
s11918,56
s11919,46
s11920,1
s11921,25
s11922,68
s11923,35
s11924,9
s11925,8
s11926,44
s11927,93
s11928,0
s11929,28
s11930,99
s11931,71
s11932,66
s11933,70
s11934,59
s11935,63
s11936,15
s11937,51
s11938,74
s11939,42
s11940,88
s11941,33
s11942,61
s11943,52
s11944,99
s11945,62
s11946,67
s11947,71
s11948,58
s11949,29
s11950,77
s11951,48
s11952,46
s11953,79
s11954,57
s11955,86
s11956,77
s11957,1
s11958,13
s11959,90
s11960,45
s11961,47
s11962,40
s11963,97
s11964,28
s11965,46
s11966,73
s11967,99
s11968,20
s11969,74
s11970,94
s11971,83
s11972,25
s11973,39
s11974,59
s11975,25
s11976,46
s11977,73
s11978,96
s11979,75
s11980,7
s11981,12
s11982,76
s11983,43
s11984,26
s11985,51
s11986,39
s11987,65
s11988,27
s11989,18
s11990,77
s11991,18
s11992,54
s11993,88
s11994,39
s11995,0
s11996,89
s11997,75
s11998,47
s11999,71
s12000,
s12001,3
s12002,36
s12003,81
s12004,10
s12005,40
s12006,65
s12007,68
s12008,83
s12009,64
s12010,13
s12011,26
s12012,79
s12013,11
s12014,11
s12015,92
s12016,8
s12017,96
s12018,52
s12019,46
s12020,13
s12021,74
s12022,74
s12023,6
s12024,57
s12025,93
s12026,16
s12027,12
s12028,18
s12029,80
s12030,78
s12031,31
s12032,7
s12033,65
s12034,3
s12035,34
s12036,0
s12037,2
s12038,88
s12039,87
s12040,95
s12041,78
s12042,19
s12043,99
s12044,94
s12045,27
s12046,38
s12047,61
s12048,97
s12049,10
s12050,46
s12051,62
s12052,55
s12053,15
s12054,22
s12055,72
s12056,29
s12057,50
s12058,39
s12059,56
s12060,84
s12061,65
s12062,6
s12063,39
s12064,94
s12065,68
s12066,35
s12067,99
s12068,9
s12069,1
s12070,18
s12071,26
s12072,38
s12073,14
s12074,93
s12075,72
s12076,25
s12077,86
s12078,59
s12079,5
s12080,10
s12081,32
s12082,41
s12083,91
s12084,54
s12085,87
s12086,69
s12087,73
s12088,91
s12089,11
s12090,12
s12091,49
s12092,43
s12093,27
s12094,45
s12095,76
s12096,64
s12097,97
s12098,74
s12099,9
s12100,
s12101,22
s12102,17
s12103,17
s12104,16
s12105,91
s12106,76
s12107,62
s12108,28
s12109,63
s12110,60
s12111,72
s12112,39
s12113,20
s12114,7
s12115,47
s12116,1
s12117,25
s12118,38
s12119,42
s12120,88
s12121,96
s12122,53
s12123,10
s12124,93
s12125,55
s12126,61
s12127,95
s12128,78
s12129,74
s12130,39
s12131,14
s12132,18
s12133,73
s12134,50
s12135,43
s12136,17
s12137,2
s12138,26
s12139,53
s12140,84
s12141,59
s12142,58
s12143,28
s12144,17
s12145,53
s12146,30
s12147,91
s12148,11
s12149,45
s12150,42
s12151,23
s12152,25
s12153,73
s12154,92
s12155,91
s12156,18
s12157,94
s12158,5
s12159,85
s12160,46
s12161,75
s12162,57
s12163,77
s12164,50
s12165,25
s12166,26
s12167,96
s12168,77
s12169,41
s12170,42
s12171,43
s12172,97
s12173,81
s12174,75
s12175,20
s12176,7
s12177,93
s12178,33
s12179,58
s12180,81
s12181,43
s12182,1
s12183,68
s12184,49
s12185,6
s12186,83
s12187,78
s12188,92
s12189,37
s12190,15
s12191,19
s12192,53
s12193,51
s12194,31
s12195,53
s12196,81
s12197,87
s12198,38
s12199,86
s12200,
s12201,14
s12202,33
s12203,16
s12204,74
s12205,95
s12206,26
s12207,47
s12208,53
s12209,8
s12210,72
s12211,1
s12212,74
s12213,5
s12214,15
s12215,47
s12216,22
s12217,92
s12218,32
s12219,39
s12220,11
s12221,73
s12222,89
s12223,14
s12224,33
s12225,77
s12226,90
s12227,58
s12228,66
s12229,6
s12230,87
s12231,74
s12232,84
s12233,94
s12234,26
s12235,73
s12236,87
s12237,33
s12238,36
s12239,13
s12240,91
s12241,34
s12242,68
s12243,64
s12244,23
s12245,75
s12246,99
s12247,43
s12248,3
s12249,66
s12250,91
s12251,19
s12252,92
s12253,90
s12254,54
s12255,81
s12256,19
s12257,82
s12258,74
s12259,75
s12260,33
s12261,82
s12262,98
s12263,83
s12264,89
s12265,70
s12266,77
s12267,97
s12268,46
s12269,15
s12270,10
s12271,33
s12272,60
s12273,17
s12274,16
s12275,14
s12276,21
s12277,2
s12278,99
s12279,9
s12280,66
s12281,83
s12282,72
s12283,75
s12284,48
s12285,37
s12286,26
s12287,7
s12288,18
s12289,35
s12290,76
s12291,86
s12292,21
s12293,97
s12294,17
s12295,10
s12296,24
s12297,61
s12298,53
s12299,83
s12300,
s12301,14
s12302,6
s12303,80
s12304,95
s12305,27
s12306,32
s12307,61
s12308,66
s12309,97
s12310,78
s12311,18
s12312,91
s12313,33
s12314,41
s12315,20
s12316,49
s12317,7
s12318,74
s12319,5
s12320,54
s12321,49
s12322,93
s12323,44
s12324,48
s12325,20
s12326,11
s12327,10
s12328,95
s12329,42
s12330,26
s12331,55
s12332,36
s12333,49
s12334,9
s12335,54
s12336,52
s12337,72
s12338,95
s12339,52
s12340,39
s12341,50
s12342,5
s12343,88
s12344,57
s12345,85
s12346,43
s12347,7
s12348,67
s12349,70
s12350,42
s12351,79
s12352,26
s12353,5
s12354,47
s12355,96
s12356,96
s12357,44
s12358,23
s12359,64
s12360,16
s12361,61
s12362,29
s12363,15
s12364,54
s12365,64
s12366,99
s12367,97
s12368,7
s12369,65
s12370,79
s12371,90
s12372,59
s12373,45
s12374,42
s12375,95
s12376,24
s12377,99
s12378,86
s12379,90
s12380,78
s12381,96
s12382,99
s12383,34
s12384,13
s12385,73
s12386,56
s12387,54
s12388,20
s12389,68
s12390,60
s12391,31
s12392,36
s12393,7
s12394,12
s12395,66
s12396,51
s12397,43
s12398,2
s12399,4
s12400,
s12401,47
s12402,87
s12403,2
s12404,61
s12405,64
s12406,64
s12407,85
s12408,3
s12409,40
s12410,91
s12411,34
s12412,97
s12413,68
s12414,67
s12415,58
s12416,21
s12417,19
s12418,83
s12419,33
s12420,90
s12421,33
s12422,10
s12423,64
s12424,31
s12425,43
s12426,10
s12427,37
s12428,56
s12429,43
s12430,99
s12431,91
s12432,64
s12433,82
s12434,17
s12435,54
s12436,49
s12437,92
s12438,46
s12439,58
s12440,61
s12441,93
s12442,66
s12443,97
s12444,43
s12445,39
s12446,15
s12447,20
s12448,24
s12449,29
s12450,67
s12451,70
s12452,32
s12453,70
s12454,50
s12455,1
s12456,3
s12457,12
s12458,9
s12459,94
s12460,93
s12461,7
s12462,12
s12463,51
s12464,8
s12465,7
s12466,39
s12467,26
s12468,77
s12469,31
s12470,2
s12471,71
s12472,92
s12473,23
s12474,61
s12475,83
s12476,32
s12477,55
s12478,23
s12479,58
s12480,4
s12481,13
s12482,68
s12483,26
s12484,76
s12485,69
s12486,83
s12487,9
s12488,10
s12489,21
s12490,22
s12491,29
s12492,57
s12493,78
s12494,97
s12495,58
s12496,90
s12497,66
s12498,6
s12499,72
s12500,
s12501,37
s12502,66
s12503,92
s12504,33
s12505,36
s12506,78
s12507,15
s12508,64
s12509,86
s12510,73
s12511,44
s12512,72
s12513,15
s12514,59
s12515,61
s12516,40
s12517,2
s12518,96
s12519,9
s12520,72
s12521,1
s12522,61
s12523,8
s12524,45
s12525,43
s12526,37
s12527,89
s12528,94
s12529,73
s12530,11
s12531,28
s12532,40
s12533,30
s12534,63
s12535,92
s12536,78
s12537,34
s12538,21
s12539,91
s12540,61
s12541,70
s12542,14
s12543,31
s12544,86
s12545,55
s12546,56
s12547,68
s12548,88
s12549,37
s12550,77
s12551,6
s12552,2
s12553,78
s12554,37
s12555,80
s12556,23
s12557,95
s12558,92
s12559,82
s12560,26
s12561,88
s12562,83
s12563,89
s12564,48
s12565,93
s12566,30
s12567,35
s12568,5
s12569,43
s12570,81
s12571,9
s12572,88
s12573,65
s12574,46
s12575,73
s12576,72
s12577,94
s12578,50
s12579,68
s12580,32
s12581,0
s12582,29
s12583,95
s12584,62
s12585,94
s12586,86
s12587,91
s12588,33
s12589,66
s12590,87
s12591,65
s12592,69
s12593,15
s12594,63
s12595,25
s12596,22
s12597,48
s12598,35
s12599,89
s12600,
s12601,3
s12602,63
s12603,36
s12604,60
s12605,96
s12606,25
s12607,92
s12608,73
s12609,20
s12610,34
s12611,74
s12612,49
s12613,52
s12614,24
s12615,71
s12616,25
s12617,74
s12618,77
s12619,56
s12620,8
s12621,13
s12622,73
s12623,94
s12624,73
s12625,97
s12626,3
s12627,84
s12628,77
s12629,8
s12630,17
s12631,5
s12632,83
s12633,19
s12634,94
s12635,70
s12636,93
s12637,47
s12638,54
s12639,66
s12640,73
s12641,84
s12642,20
s12643,66
s12644,98
s12645,36
s12646,85
s12647,18
s12648,12
s12649,39
s12650,29
s12651,68
s12652,48
s12653,21
s12654,65
s12655,52
s12656,79
s12657,59
s12658,34
s12659,32
s12660,74
s12661,9
s12662,58
s12663,79
s12664,40
s12665,93
s12666,53
s12667,2
s12668,81
s12669,63
s12670,77
s12671,18
s12672,67
s12673,64
s12674,61
s12675,58
s12676,76
s12677,81
s12678,95
s12679,55
s12680,7
s12681,74
s12682,31
s12683,24
s12684,63
s12685,49
s12686,73
s12687,17
s12688,68
s12689,14
s12690,64
s12691,38
s12692,42
s12693,93
s12694,58
s12695,63
s12696,55
s12697,25
s12698,32
s12699,97
s12700,
s12701,30
s12702,65
s12703,37
s12704,79
s12705,95
s12706,67
s12707,15
s12708,33
s12709,7
s12710,3
s12711,95
s12712,7
s12713,71
s12714,79
s12715,47
s12716,79
s12717,65
s12718,25
s12719,59
s12720,34
s12721,76
s12722,97
s12723,34
s12724,11
s12725,31
s12726,6
s12727,61
s12728,14
s12729,62
s12730,14
s12731,80
s12732,79
s12733,22
s12734,20
s12735,57
s12736,38
s12737,35
s12738,35
s12739,67
s12740,95
s12741,13
s12742,24
s12743,10
s12744,4
s12745,21
s12746,6
s12747,22
s12748,65
s12749,60
s12750,32
s12751,35
s12752,39
s12753,55
s12754,53
s12755,4
s12756,61
s12757,67
s12758,78
s12759,74
s12760,36
s12761,93
s12762,84
s12763,57
s12764,63
s12765,70
s12766,2
s12767,98
s12768,40
s12769,88
s12770,89
s12771,66
s12772,68
s12773,32
s12774,19
s12775,91
s12776,26
s12777,3
s12778,54
s12779,84
s12780,61
s12781,35
s12782,60
s12783,48
s12784,39
s12785,47
s12786,44
s12787,91
s12788,37
s12789,49
s12790,65
s12791,31
s12792,38
s12793,26
s12794,14
s12795,64
s12796,83
s12797,73
s12798,30
s12799,27
s12800,
s12801,41
s12802,12
s12803,52
s12804,1
s12805,22
s12806,85
s12807,11
s12808,94
s12809,12
s12810,71
s12811,99
s12812,17
s12813,98
s12814,79
s12815,91
s12816,7
s12817,70
s12818,55
s12819,35
s12820,6
s12821,10
s12822,44
s12823,9
s12824,99
s12825,29
s12826,89
s12827,73
s12828,75
s12829,77
s12830,92
s12831,3
s12832,51
s12833,48
s12834,81
s12835,17
s12836,73
s12837,44
s12838,87
s12839,11
s12840,76
s12841,69
s12842,80
s12843,9
s12844,64
s12845,96
s12846,38
s12847,45
s12848,68
s12849,75
s12850,26
s12851,67
s12852,9
s12853,59
s12854,62
s12855,51
s12856,54
s12857,1
s12858,47
s12859,5
s12860,4
s12861,30
s12862,2
s12863,87
s12864,17
s12865,57
s12866,91
s12867,59
s12868,64
s12869,19
s12870,23
s12871,49
s12872,77
s12873,68
s12874,38
s12875,57
s12876,13
s12877,16
s12878,21
s12879,50
s12880,16
s12881,0
s12882,63
s12883,74
s12884,15
s12885,17
s12886,38
s12887,39
s12888,41
s12889,27
s12890,75
s12891,96
s12892,62
s12893,17
s12894,77
s12895,64
s12896,79
s12897,86
s12898,34
s12899,88
s12900,
s12901,13
s12902,52
s12903,4
s12904,99
s12905,59
s12906,26
s12907,7
s12908,5
s12909,33
s12910,49
s12911,49
s12912,70
s12913,91
s12914,87
s12915,89
s12916,20
s12917,29
s12918,12
s12919,42
s12920,64
s12921,30
s12922,46
s12923,10
s12924,38
s12925,8
s12926,3
s12927,69
s12928,27
s12929,69
s12930,52
s12931,82
s12932,80
s12933,64
s12934,69
s12935,13
s12936,7
s12937,20
s12938,99
s12939,98
s12940,83
s12941,1
s12942,98
s12943,32
s12944,91
s12945,23
s12946,79
s12947,1
s12948,54
s12949,8
s12950,35
s12951,16
s12952,80
s12953,80
s12954,71
s12955,15
s12956,47
s12957,87
s12958,12
s12959,49
s12960,20
s12961,54
s12962,62
s12963,21
s12964,12
s12965,35
s12966,6
s12967,38
s12968,46
s12969,84
s12970,28
s12971,60
s12972,96
s12973,49
s12974,85
s12975,52
s12976,6
s12977,36
s12978,11
s12979,48
s12980,57
s12981,51
s12982,25
s12983,94
s12984,2
s12985,99
s12986,85
s12987,65
s12988,46
s12989,50
s12990,37
s12991,76
s12992,85
s12993,42
s12994,98
s12995,81
s12996,85
s12997,59
s12998,8
s12999,9
s13000,
s13001,38
s13002,14
s13003,11
s13004,26
s13005,6
s13006,5
s13007,1
s13008,90
s13009,64
s13010,81
s13011,76
s13012,74
s13013,41
s13014,20
s13015,58
s13016,42
s13017,69
s13018,90
s13019,60
s13020,70
s13021,95
s13022,0
s13023,77
s13024,57
s13025,8
s13026,60
s13027,82
s13028,58
s13029,23
s13030,63
s13031,74
s13032,74
s13033,62
s13034,98
s13035,81
s13036,1
s13037,6
s13038,39
s13039,94
s13040,25
s13041,33
s13042,11
s13043,90
s13044,19
s13045,53
s13046,20
s13047,6
s13048,46
s13049,6
s13050,96
s13051,65
s13052,20
s13053,55
s13054,47
s13055,8
s13056,43
s13057,0
s13058,77
s13059,57
s13060,48
s13061,70
s13062,14
s13063,52
s13064,36
s13065,96
s13066,4
s13067,68
s13068,65
s13069,49
s13070,22
s13071,63
s13072,61
s13073,48
s13074,1
s13075,4
s13076,49
s13077,1
s13078,81
s13079,72
s13080,5
s13081,96
s13082,12
s13083,74
s13084,31
s13085,82
s13086,72
s13087,62
s13088,52
s13089,49
s13090,1
s13091,44
s13092,37
s13093,5
s13094,17
s13095,52
s13096,14
s13097,27
s13098,10
s13099,42
s13100,
s13101,45
s13102,7
s13103,95
s13104,77
s13105,47
s13106,69
s13107,63
s13108,82
s13109,99
s13110,95
s13111,79
s13112,26
s13113,65
s13114,45
s13115,11
s13116,78
s13117,94
s13118,60
s13119,35
s13120,95
s13121,0
s13122,90
s13123,21
s13124,12
s13125,86
s13126,0
s13127,75
s13128,20
s13129,99
s13130,50
s13131,80
s13132,92
s13133,91
s13134,33
s13135,68
s13136,63
s13137,63
s13138,83
s13139,58
s13140,3
s13141,51
s13142,59
s13143,0
s13144,26
s13145,22
s13146,7
s13147,82
s13148,31
s13149,95
s13150,96
s13151,33
s13152,23
s13153,20
s13154,32
s13155,46
s13156,32
s13157,43
s13158,36
s13159,67
s13160,53
s13161,87
s13162,42
s13163,96
s13164,35
s13165,42
s13166,45
s13167,19
s13168,75
s13169,24
s13170,62
s13171,58
s13172,20
s13173,18
s13174,89
s13175,43
s13176,13
s13177,4
s13178,1
s13179,82
s13180,0
s13181,16
s13182,7
s13183,91
s13184,99
s13185,65
s13186,63
s13187,57
s13188,46
s13189,92
s13190,37
s13191,68
s13192,99
s13193,0
s13194,20
s13195,5
s13196,76
s13197,76
s13198,88
s13199,27
s13200,
s13201,46
s13202,63
s13203,37
s13204,2
s13205,36
s13206,17
s13207,40
s13208,12
s13209,89
s13210,35
s13211,28
s13212,26
s13213,76
s13214,29
s13215,87
s13216,90
s13217,31
s13218,40
s13219,95
s13220,3
s13221,9
s13222,0
s13223,85
s13224,5
s13225,55
s13226,94
s13227,98
s13228,71
s13229,73
s13230,74
s13231,19
s13232,99
s13233,15
s13234,32
s13235,97
s13236,59
s13237,40
s13238,24
s13239,72
s13240,45
s13241,7
s13242,96
s13243,65
s13244,76
s13245,86
s13246,78
s13247,18
s13248,75
s13249,39
s13250,88
s13251,6
s13252,43
s13253,60
s13254,90
s13255,99
s13256,81
s13257,18
s13258,60
s13259,85
s13260,27
s13261,86
s13262,63
s13263,58
s13264,30
s13265,25
s13266,14
s13267,78
s13268,78
s13269,37
s13270,26
s13271,88
s13272,37
s13273,35
s13274,24
s13275,99
s13276,12
s13277,65
s13278,85
s13279,11
s13280,84
s13281,75
s13282,7
s13283,72
s13284,27
s13285,54
s13286,69
s13287,4
s13288,55
s13289,93
s13290,84
s13291,31
s13292,17
s13293,64
s13294,97
s13295,30
s13296,37
s13297,26
s13298,93
s13299,6
s13300,
s13301,24
s13302,42
s13303,37
s13304,67
s13305,69
s13306,25
s13307,44
s13308,17
s13309,80
s13310,24
s13311,87
s13312,25
s13313,96
s13314,89
s13315,24
s13316,69
s13317,17
s13318,2
s13319,12
s13320,84
s13321,82
s13322,30
s13323,93
s13324,12
s13325,95
s13326,90
s13327,62
s13328,87
s13329,22
s13330,57
s13331,66
s13332,91
s13333,41
s13334,63
s13335,85
s13336,7
s13337,36
s13338,44
s13339,32
s13340,89
s13341,39
s13342,14
s13343,77
s13344,10
s13345,12
s13346,94
s13347,18
s13348,53
s13349,66
s13350,96
s13351,56
s13352,95
s13353,43
s13354,82
s13355,76
s13356,90
s13357,87
s13358,73
s13359,18
s13360,62
s13361,77
s13362,66
s13363,79
s13364,83
s13365,61
s13366,57
s13367,28
s13368,22
s13369,51
s13370,99
s13371,47
s13372,3
s13373,35
s13374,85
s13375,49
s13376,34
s13377,15
s13378,48
s13379,8
s13380,71
s13381,7
s13382,5
s13383,72
s13384,15
s13385,24
s13386,57
s13387,50
s13388,10
s13389,83
s13390,9
s13391,68
s13392,12
s13393,81
s13394,12
s13395,70
s13396,91
s13397,91
s13398,27
s13399,30
s13400,
s13401,91
s13402,82
s13403,65
s13404,61
s13405,8
s13406,85
s13407,3
s13408,43
s13409,17
s13410,96
s13411,63
s13412,82
s13413,93
s13414,76
s13415,79
s13416,31
s13417,42
s13418,37
s13419,53
s13420,83
s13421,5
s13422,79
s13423,83
s13424,41
s13425,65
s13426,24
s13427,42
s13428,38
s13429,8
s13430,4
s13431,64
s13432,11
s13433,27
s13434,55
s13435,11
s13436,18
s13437,38
s13438,46
s13439,49
s13440,77
s13441,34
s13442,23
s13443,67
s13444,87
s13445,29
s13446,83
s13447,29
s13448,76
s13449,51
s13450,44
s13451,58
s13452,33
s13453,85
s13454,58
s13455,19
s13456,58
s13457,99
s13458,84
s13459,20
s13460,22
s13461,18
s13462,55
s13463,78
s13464,80
s13465,28
s13466,47
s13467,34
s13468,33
s13469,15
s13470,56
s13471,56
s13472,61
s13473,47
s13474,39
s13475,60
s13476,68
s13477,41
s13478,25
s13479,52
s13480,33
s13481,74
s13482,51
s13483,86
s13484,51
s13485,35
s13486,18
s13487,93
s13488,59
s13489,95
s13490,74
s13491,71
s13492,88
s13493,66
s13494,72
s13495,98
s13496,34
s13497,32
s13498,47
s13499,78
s13500,
s13501,62
s13502,35
s13503,38
s13504,32
s13505,10
s13506,74
s13507,23
s13508,72
s13509,28
s13510,26
s13511,55
s13512,19
s13513,45
s13514,42
s13515,14
s13516,74
s13517,93
s13518,39
s13519,90
s13520,25
s13521,79
s13522,74
s13523,36
s13524,66
s13525,97
s13526,24
s13527,7
s13528,46
s13529,67
s13530,19
s13531,86
s13532,47
s13533,91
s13534,84
s13535,39
s13536,26
s13537,48
s13538,35
s13539,70
s13540,67
s13541,5
s13542,88
s13543,23
s13544,71
s13545,66
s13546,77
s13547,52
s13548,95
s13549,3
s13550,65
s13551,35
s13552,20
s13553,78
s13554,31
s13555,57
s13556,33
s13557,43
s13558,80
s13559,22
s13560,99
s13561,70
s13562,35
s13563,26
s13564,48
s13565,5
s13566,57
s13567,23
s13568,86
s13569,16
s13570,43
s13571,23
s13572,80
s13573,55
s13574,76
s13575,35
s13576,39
s13577,58
s13578,25
s13579,57
s13580,43
s13581,62
s13582,27
s13583,43
s13584,10
s13585,27
s13586,58
s13587,12
s13588,35
s13589,35
s13590,83
s13591,46
s13592,49
s13593,99
s13594,97
s13595,52
s13596,16
s13597,4
s13598,44
s13599,21
s13600,
s13601,8
s13602,96
s13603,55
s13604,31
s13605,89
s13606,86
s13607,88
s13608,82
s13609,28
s13610,11
s13611,28
s13612,31
s13613,54
s13614,82
s13615,31
s13616,32
s13617,6
s13618,69
s13619,29
s13620,38
s13621,45
s13622,85
s13623,52
s13624,35
s13625,82
s13626,5
s13627,65
s13628,4
s13629,51
s13630,58
s13631,41
s13632,67
s13633,10
s13634,34
s13635,25
s13636,97
s13637,88
s13638,88
s13639,73
s13640,20
s13641,38
s13642,86
s13643,79
s13644,26
s13645,13
s13646,21
s13647,1
s13648,48
s13649,59
s13650,32
s13651,50
s13652,15
s13653,71
s13654,54
s13655,98
s13656,63
s13657,9
s13658,54
s13659,92
s13660,97
s13661,20
s13662,74
s13663,36
s13664,65
s13665,50
s13666,64
s13667,63
s13668,14
s13669,90
s13670,53
s13671,54
s13672,3
s13673,36
s13674,41
s13675,9
s13676,23
s13677,15
s13678,67
s13679,28
s13680,19
s13681,26
s13682,76
s13683,70
s13684,2
s13685,83
s13686,82
s13687,28
s13688,71
s13689,20
s13690,66
s13691,9
s13692,29
s13693,66
s13694,19
s13695,48
s13696,97
s13697,79
s13698,96
s13699,2
s13700,
s13701,14
s13702,6
s13703,88
s13704,91
s13705,3
s13706,66
s13707,48
s13708,26
s13709,79
s13710,37
s13711,41
s13712,34
s13713,67
s13714,31
s13715,98
s13716,33
s13717,9
s13718,22
s13719,42
s13720,60
s13721,46
s13722,66
s13723,99
s13724,44
s13725,60
s13726,29
s13727,45
s13728,56
s13729,77
s13730,58
s13731,24
s13732,54
s13733,63
s13734,3
s13735,64
s13736,74
s13737,55
s13738,63
s13739,20
s13740,85
s13741,17
s13742,43
s13743,42
s13744,2
s13745,64
s13746,46
s13747,56
s13748,50
s13749,68
s13750,3
s13751,45
s13752,72
s13753,63
s13754,73
s13755,9
s13756,54
s13757,21
s13758,28
s13759,28
s13760,35
s13761,14
s13762,35
s13763,17
s13764,25
s13765,59
s13766,86
s13767,16
s13768,19
s13769,88
s13770,57
s13771,53
s13772,92
s13773,13
s13774,63
s13775,43
s13776,34
s13777,55
s13778,3
s13779,48
s13780,34
s13781,84
s13782,43
s13783,27
s13784,26
s13785,38
s13786,42
s13787,28
s13788,5
s13789,50
s13790,57
s13791,1
s13792,77
s13793,83
s13794,70
s13795,40
s13796,57
s13797,24
s13798,5
s13799,4
s13800,
s13801,23
s13802,16
s13803,60
s13804,47
s13805,23
s13806,3
s13807,11
s13808,98
s13809,41
s13810,73
s13811,29
s13812,23
s13813,8
s13814,11
s13815,31
s13816,92
s13817,54
s13818,29
s13819,81
s13820,48
s13821,16
s13822,92
s13823,2
s13824,60
s13825,97
s13826,73
s13827,62
s13828,47
s13829,43
s13830,35
s13831,42
s13832,8
s13833,76
s13834,60
s13835,64
s13836,91
s13837,11
s13838,84
s13839,71
s13840,0
s13841,52
s13842,0
s13843,11
s13844,39
s13845,71
s13846,32
s13847,54
s13848,94
s13849,25
s13850,65
s13851,32
s13852,2
s13853,12
s13854,39
s13855,15
s13856,77
s13857,98
s13858,31
s13859,7
s13860,84
s13861,42
s13862,62
s13863,55
s13864,34
s13865,97
s13866,30
s13867,26
s13868,47
s13869,23
s13870,0
s13871,62
s13872,66
s13873,40
s13874,80
s13875,31
s13876,35
s13877,99
s13878,21
s13879,21
s13880,20
s13881,95
s13882,35
s13883,8
s13884,0
s13885,14
s13886,97
s13887,35
s13888,30
s13889,58
s13890,20
s13891,42
s13892,70
s13893,49
s13894,99
s13895,96
s13896,1
s13897,93
s13898,5
s13899,81
s13900,
s13901,91
s13902,9
s13903,92
s13904,71
s13905,81
s13906,21
s13907,20
s13908,49
s13909,13
s13910,71
s13911,65
s13912,72
s13913,50
s13914,91
s13915,83
s13916,0
s13917,19
s13918,50
s13919,43
s13920,92
s13921,34
s13922,69
s13923,71
s13924,48
s13925,7
s13926,79
s13927,39
s13928,27
s13929,23
s13930,52
s13931,23
s13932,31
s13933,98
s13934,15
s13935,18
s13936,93
s13937,53
s13938,49
s13939,68
s13940,67
s13941,60
s13942,75
s13943,62
s13944,87
s13945,96
s13946,38
s13947,97
s13948,10
s13949,92
s13950,34
s13951,80
s13952,98
s13953,29
s13954,91
s13955,66
s13956,54
s13957,17
s13958,65
s13959,71
s13960,55
s13961,13
s13962,14
s13963,40
s13964,47
s13965,80
s13966,77
s13967,22
s13968,58
s13969,95
s13970,99
s13971,73
s13972,86
s13973,64
s13974,59
s13975,82
s13976,96
s13977,42
s13978,82
s13979,11
s13980,91
s13981,36
s13982,82
s13983,3
s13984,98
s13985,64
s13986,99
s13987,82
s13988,26
s13989,23
s13990,29
s13991,64
s13992,20
s13993,68
s13994,7
s13995,32
s13996,53
s13997,82
s13998,39
s13999,98
s14000,
s14001,23
s14002,59
s14003,42
s14004,35
s14005,99
s14006,86
s14007,78
s14008,74
s14009,92
s14010,14
s14011,20
s14012,96
s14013,67
s14014,80
s14015,48
s14016,41
s14017,30
s14018,21
s14019,16
s14020,95
s14021,38
s14022,28
s14023,52
s14024,43
s14025,76
s14026,78
s14027,56
s14028,19
s14029,85
s14030,39
s14031,66
s14032,23
s14033,7
s14034,80
s14035,39
s14036,53
s14037,20
s14038,84
s14039,27
s14040,85
s14041,73
s14042,73
s14043,79
s14044,23
s14045,37
s14046,96
s14047,63
s14048,7
s14049,23
s14050,41
s14051,13
s14052,26
s14053,31
s14054,25
s14055,84
s14056,87
s14057,90
s14058,21
s14059,57
s14060,27
s14061,23
s14062,95
s14063,15
s14064,19
s14065,28
s14066,45
s14067,64
s14068,85
s14069,13
s14070,28
s14071,3
s14072,0
s14073,83
s14074,95
s14075,61
s14076,34
s14077,89
s14078,91
s14079,61
s14080,35
s14081,3
s14082,62
s14083,17
s14084,21
s14085,50
s14086,98
s14087,35
s14088,23
s14089,23
s14090,49
s14091,96
s14092,42
s14093,97
s14094,40
s14095,32
s14096,98
s14097,75
s14098,65
s14099,13
s14100,
s14101,66
s14102,30
s14103,62
s14104,27
s14105,10
s14106,84
s14107,69
s14108,39
s14109,51
s14110,33
s14111,62
s14112,21
s14113,15
s14114,26
s14115,18
s14116,68
s14117,63
s14118,88
s14119,39
s14120,19
s14121,95
s14122,53
s14123,83
s14124,47
s14125,92
s14126,18
s14127,24
s14128,53
s14129,87
s14130,91
s14131,94
s14132,17
s14133,22
s14134,31
s14135,52
s14136,83
s14137,4
s14138,46
s14139,0
s14140,5
s14141,69
s14142,40
s14143,46
s14144,8
s14145,74
s14146,66
s14147,24
s14148,95
s14149,62
s14150,51
s14151,22
s14152,18
s14153,50
s14154,21
s14155,92
s14156,60
s14157,1
s14158,52
s14159,75
s14160,52
s14161,28
s14162,85
s14163,75
s14164,35
s14165,35
s14166,0
s14167,7
s14168,88
s14169,26
s14170,55
s14171,23
s14172,14
s14173,46
s14174,18
s14175,5
s14176,85
s14177,25
s14178,20
s14179,56
s14180,1
s14181,31
s14182,39
s14183,67
s14184,54
s14185,95
s14186,57
s14187,12
s14188,80
s14189,78
s14190,93
s14191,26
s14192,18
s14193,97
s14194,3
s14195,0
s14196,74
s14197,70
s14198,37
s14199,92
s14200,
s14201,94
s14202,92
s14203,96
s14204,25
s14205,31
s14206,19
s14207,99
s14208,35
s14209,45
s14210,24
s14211,67
s14212,4
s14213,81
s14214,84
s14215,27
s14216,94
s14217,64
s14218,19
s14219,32
s14220,97
s14221,99
s14222,64
s14223,65
s14224,22
s14225,78
s14226,65
s14227,59
s14228,36
s14229,95
s14230,22
s14231,1
s14232,22
s14233,67
s14234,65
s14235,72
s14236,3
s14237,56
s14238,12
s14239,48
s14240,36
s14241,93
s14242,39
s14243,86
s14244,15
s14245,87
s14246,15
s14247,58
s14248,51
s14249,64
s14250,60
s14251,82
s14252,23
s14253,35
s14254,53
s14255,82
s14256,77
s14257,59
s14258,73
s14259,6
s14260,97
s14261,1
s14262,80
s14263,72
s14264,9
s14265,19
s14266,30
s14267,83
s14268,72
s14269,74
s14270,20
s14271,84
s14272,56
s14273,78
s14274,16
s14275,90
s14276,41
s14277,41
s14278,95
s14279,81
s14280,59
s14281,60
s14282,52
s14283,34
s14284,84
s14285,43
s14286,31
s14287,37
s14288,61
s14289,53
s14290,25
s14291,16
s14292,58
s14293,73
s14294,57
s14295,24
s14296,13
s14297,1
s14298,45
s14299,62
s14300,
s14301,19
s14302,42
s14303,90
s14304,98
s14305,48
s14306,23
s14307,28
s14308,75
s14309,64
s14310,9
s14311,72
s14312,35
s14313,27
s14314,64
s14315,17
s14316,95
s14317,4
s14318,57
s14319,21
s14320,82
s14321,63
s14322,43
s14323,38
s14324,85
s14325,85
s14326,92
s14327,60
s14328,69
s14329,63
s14330,82
s14331,43
s14332,36
s14333,8
s14334,56
s14335,57
s14336,21
s14337,51
s14338,39
s14339,16
s14340,0
s14341,13
s14342,68
s14343,50
s14344,87
s14345,96
s14346,16
s14347,95
s14348,77
s14349,22
s14350,71
s14351,0
s14352,84
s14353,22
s14354,16
s14355,7
s14356,84
s14357,36
s14358,46
s14359,70
s14360,18
s14361,60
s14362,57
s14363,61
s14364,54
s14365,31
s14366,20
s14367,28
s14368,39
s14369,79
s14370,20
s14371,82
s14372,58
s14373,26
s14374,5
s14375,1
s14376,67
s14377,50
s14378,60
s14379,74
s14380,96
s14381,25
s14382,53
s14383,30
s14384,62
s14385,46
s14386,88
s14387,86
s14388,85
s14389,48
s14390,80
s14391,4
s14392,72
s14393,20
s14394,11
s14395,22
s14396,7
s14397,78
s14398,5
s14399,84
s14400,
s14401,23
s14402,58
s14403,76
s14404,76
s14405,20
s14406,43
s14407,53
s14408,94
s14409,49
s14410,49
s14411,81
s14412,71
s14413,32
s14414,85
s14415,95
s14416,46
s14417,0
s14418,29
s14419,30
s14420,72
s14421,21
s14422,95
s14423,79
s14424,65
s14425,15
